
CREATE TABLE `tb_test_category` (
	`TEST_CAREGORY_ID` BIGINT(20) NOT NULL AUTO_INCREMENT,
	`TEST_CATEGORY_NAME` VARCHAR(200) NULL DEFAULT NULL COLLATE 'utf8mb3_general_ci',
	`CRT_DT` DATETIME NULL DEFAULT current_timestamp(),
	`UPD_DT` DATETIME NULL DEFAULT current_timestamp(),
	PRIMARY KEY (`TEST_CAREGORY_ID`) USING BTREE
)
COLLATE='armscii8_bin'
ENGINE=InnoDB
AUTO_INCREMENT=1
;

CREATE TABLE `tb_test_option` (
	`OPTION_ID` BIGINT(20) NOT NULL AUTO_INCREMENT,
	`QUESTION_ID` BIGINT(20) NULL DEFAULT NULL,
	`OPTION_TEXT` VARCHAR(50) NULL DEFAULT NULL COLLATE 'utf8mb3_general_ci',
	`CRT_DT` DATETIME NULL DEFAULT current_timestamp(),
	`UPD_DT` DATETIME NULL DEFAULT current_timestamp(),
	PRIMARY KEY (`OPTION_ID`) USING BTREE
)
COLLATE='armscii8_bin'
ENGINE=InnoDB
AUTO_INCREMENT=1
;

CREATE TABLE `tb_test_option_mapping` (
	`MAPPING_ID` BIGINT(20) NOT NULL AUTO_INCREMENT,
	`OPTION_ID` BIGINT(20) NULL DEFAULT NULL,
	`TARGET_TYPE` VARCHAR(50) NULL DEFAULT NULL COLLATE 'utf8mb3_general_ci',
	`TARGET_ID` BIGINT(20) NULL DEFAULT NULL,
	`SCORE` INT(11) NULL DEFAULT NULL,
	`CRT_DT` DATETIME NULL DEFAULT current_timestamp(),
	`UPD_DT` DATETIME NULL DEFAULT current_timestamp(),
	PRIMARY KEY (`MAPPING_ID`) USING BTREE
)
COLLATE='armscii8_bin'
ENGINE=InnoDB
AUTO_INCREMENT=1
;

CREATE TABLE `tb_test_player` (
	`TEST_PLAYER_ID` BIGINT(20) NOT NULL AUTO_INCREMENT,
	`PLAYER_ID` BIGINT(20) NULL DEFAULT NULL,
	`PLAYER_NAME` VARCHAR(100) NULL DEFAULT NULL COLLATE 'utf8mb3_general_ci',
	`DESCRIPTION` TEXT NULL DEFAULT NULL COLLATE 'utf8mb3_general_ci',
	`IMAGE_URL` VARCHAR(50) NULL DEFAULT NULL COLLATE 'utf8mb3_general_ci',
	`CRT_DT` DATETIME NULL DEFAULT current_timestamp(),
	`UPD_DT` DATETIME NULL DEFAULT current_timestamp(),
	PRIMARY KEY (`TEST_PLAYER_ID`) USING BTREE
)
COLLATE='armscii8_bin'
ENGINE=InnoDB
AUTO_INCREMENT=1
;

CREATE TABLE `tb_test_question` (
	`QUESTION_ID` BIGINT(20) NOT NULL AUTO_INCREMENT,
	`TEST_CATEGORY_ID` BIGINT(20) NULL DEFAULT NULL,
	`QUESTION_TEXT` VARCHAR(500) NULL DEFAULT NULL COLLATE 'utf8mb3_general_ci',
	`QUESTION_ORDER` INT(11) NULL DEFAULT NULL,
	`CRT_DT` DATETIME NULL DEFAULT current_timestamp(),
	`UPD_DT` DATETIME NULL DEFAULT current_timestamp(),
	PRIMARY KEY (`QUESTION_ID`) USING BTREE
)
COLLATE='armscii8_bin'
ENGINE=InnoDB
AUTO_INCREMENT=1
;

CREATE TABLE `tb_test_racket` (
	`RACKET_ID` BIGINT(20) NOT NULL AUTO_INCREMENT,
	`BRAND` VARCHAR(50) NULL DEFAULT NULL COLLATE 'utf8mb3_general_ci',
	`MODEL_NAME` VARCHAR(100) NULL DEFAULT NULL COLLATE 'utf8mb3_general_ci',
	`DESCRIPTION` TEXT NULL DEFAULT NULL COLLATE 'utf8mb3_general_ci',
	`IMAGE_URL` VARCHAR(500) NULL DEFAULT NULL COLLATE 'utf8mb3_general_ci',
	`CRT_DT` DATETIME NULL DEFAULT current_timestamp(),
	`UPD_DT` DATETIME NULL DEFAULT current_timestamp(),
	PRIMARY KEY (`RACKET_ID`) USING BTREE
)
COLLATE='armscii8_bin'
ENGINE=InnoDB
AUTO_INCREMENT=1
;

CREATE TABLE `tb_test_string` (
	`STRING_ID` BIGINT(20) NOT NULL AUTO_INCREMENT,
	`STRING_NAME` VARCHAR(50) NULL DEFAULT NULL COLLATE 'utf8mb3_general_ci',
	`STRING_TYPE` VARCHAR(50) NULL DEFAULT NULL COLLATE 'utf8mb3_general_ci',
	`DESCRIPTION` TEXT NULL DEFAULT NULL COLLATE 'utf8mb3_general_ci',
	`IMAGE_URL` VARCHAR(50) NULL DEFAULT NULL COLLATE 'utf8mb3_general_ci',
	`CRT_DT` DATETIME NULL DEFAULT current_timestamp(),
	`UPD_DT` DATETIME NULL DEFAULT current_timestamp(),
	PRIMARY KEY (`STRING_ID`) USING BTREE
)
COLLATE='armscii8_bin'
ENGINE=InnoDB
AUTO_INCREMENT=1
;

-- 질문
INSERT INTO tb_test_question (QUESTION_ID, TEST_CATEGORY_ID, QUESTION_TEXT, QUESTION_ORDER) VALUES
( 1, 1, '테니스를 얼마나 쳤나요?', 1 ),
( 2, 1, '가장 중요하게 생각하는 건?', 2 ),
( 3, 1, '스윙 속도는 어떤 편인가요?', 3 ),
( 4, 1, '타구감에서 중요한 건?', 4 ),
( 5, 1, '손목/팔에 무리가 있나요?', 5 ),
( 6, 1, '라켓을 휘두를 때 원하는 느낌은?', 6 ),
( 7, 1, '당신의 성향은?', 7 ),
( 8, 1, '가장 많이 사용하는 샷은?', 8 ),
( 9, 1, '코트 유형은?', 9 ),
( 10, 1, '어떤 경기 스타일을 선호하나요?', 10 ),tb_test_question
( 11, 1, '좋아하는 선수 스타일은?', 11 ),
( 12, 1, '최종적으로 고르고 싶은 라켓 느낌은?', 12 );

-- 선택지
INSERT INTO TB_TEST_OPTION (OPTION_ID, QUESTION_ID, OPTION_TEXT) VALUES
( 1000, 1, '입문자예요' ),
( 1001, 1, '중급자예요' ),
( 1002, 1, '3년 이상 쳤어요' ),
( 1003, 2, '파워' ),
( 1004, 2, '컨트롤' ),
( 1005, 2, '편안함' ),
( 1006, 3, '빠르게 칩니다' ),
( 1007, 3, '중간 정도예요' ),
( 1008, 3, '느린 편이에요' ),
( 1009, 4, '묵직함' ),
( 1010, 4, '부드러움' ),
( 1011, 4, '스핀 느낌' ),
( 1012, 5, '자주 아파요' ),
( 1013, 5, '가끔 불편해요' ),
( 1014, 5, '전혀 문제없어요' ),
( 1015, 6, '가볍고 빠르게' ),
( 1016, 6, '단단하고 묵직하게' ),
( 1017, 6, '부드럽고 안정감 있게' ),
( 1018, 7, '공격적' ),
( 1019, 7, '수비적' ),
( 1020, 7, '올라운더' ),
( 1021, 8, '탑스핀' ),
( 1022, 8, '플랫샷' ),
( 1023, 8, '슬라이스/전술' ),
( 1024, 9, '하드코트' ),
( 1025, 9, '클레이코트' ),
( 1026, 9, '실내/기타' ),
( 1027, 10, '네트 플레이/발리' ),
( 1028, 10, '베이스라인 랠리' ),
( 1029, 10, '위너 노리는 타입' ),
( 1030, 11, '나달/루드' ),
( 1031, 11, '페더러/알카라즈' ),
( 1032, 11, '조코비치/메드베데프' ),
( 1033, 12, '다재다능하고 무난한' ),
( 1034, 12, '스핀이나 위력 중심' ),
( 1035, 12, '부드럽고 편안한' );

DELETE FROM tb_test_option_mapping;
-- 매핑
INSERT INTO TB_TEST_OPTION_MAPPING (option_id, target_type, target_id, score) VALUES
( 1000, 'RACKET', 4, 1 ),
( 1000, 'RACKET', 10, 1 ),
( 1000, 'RACKET', 8, 1 ),
( 1001, 'RACKET', 1, 1 ),
( 1001, 'RACKET', 6, 1 ),
( 1001, 'RACKET', 9, 1 ),
( 1002, 'RACKET', 3, 1 ),
( 1002, 'RACKET', 5, 1 ),
( 1002, 'RACKET', 12, 1 ),
( 1003, 'RACKET', 1, 1 ),
( 1003, 'RACKET', 4, 1 ),
( 1003, 'RACKET', 2, 1 ),
( 1004, 'RACKET', 3, 1 ),
( 1004, 'RACKET', 7, 1 ),
( 1004, 'RACKET', 11, 1 ),
( 1005, 'RACKET', 10, 1 ),
( 1005, 'RACKET', 8, 1 ),
( 1005, 'RACKET', 6, 1 ),
( 1006, 'RACKET', 5, 1 ),
( 1006, 'RACKET', 3, 1 ),
( 1006, 'RACKET', 2, 1 ),
( 1007, 'RACKET', 8, 1 ),
( 1007, 'RACKET', 6, 1 ),
( 1007, 'RACKET', 9, 1 ),
( 1008, 'RACKET', 4, 1 ),
( 1008, 'RACKET', 10, 1 ),
( 1008, 'RACKET', 7, 1 ),
( 1009, 'RACKET', 5, 1 ),
( 1009, 'RACKET', 11, 1 ),
( 1009, 'RACKET', 3, 1 ),
( 1010, 'RACKET', 4, 1 ),
( 1010, 'RACKET', 8, 1 ),
( 1010, 'RACKET', 6, 1 ),
( 1011, 'RACKET', 2, 1 ),
( 1011, 'RACKET', 9, 1 ),
( 1011, 'RACKET', 12, 1 ),
( 1012, 'RACKET', 4, 1 ),
( 1012, 'RACKET', 10, 1 ),
( 1012, 'RACKET', 8, 1 ),
( 1013, 'RACKET', 6, 1 ),
( 1013, 'RACKET', 7, 1 ),
( 1013, 'RACKET', 1, 1 ),
( 1014, 'RACKET', 5, 1 ),
( 1014, 'RACKET', 3, 1 ),
( 1014, 'RACKET', 2, 1 ),
( 1015, 'RACKET', 7, 1 ),
( 1015, 'RACKET', 4, 1 ),
( 1015, 'RACKET', 9, 1 ),
( 1016, 'RACKET', 5, 1 ),
( 1016, 'RACKET', 3, 1 ),
( 1016, 'RACKET', 11, 1 ),
( 1017, 'RACKET', 8, 1 ),
( 1017, 'RACKET', 10, 1 ),
( 1017, 'RACKET', 6, 1 ),
( 1018, 'RACKET', 2, 1 ),
( 1018, 'RACKET', 5, 1 ),
( 1018, 'RACKET', 12, 1 ),
( 1019, 'RACKET', 4, 1 ),
( 1019, 'RACKET', 6, 1 ),
( 1019, 'RACKET', 8, 1 ),
( 1020, 'RACKET', 1, 1 ),
( 1020, 'RACKET', 3, 1 ),
( 1020, 'RACKET', 7, 1 ),
( 1021, 'RACKET', 2, 1 ),
( 1021, 'RACKET', 9, 1 ),
( 1021, 'RACKET', 7, 1 ),
( 1022, 'RACKET', 3, 1 ),
( 1022, 'RACKET', 5, 1 ),
( 1022, 'RACKET', 12, 1 ),
( 1023, 'RACKET', 11, 1 ),
( 1023, 'RACKET', 6, 1 ),
( 1023, 'RACKET', 4, 1 ),
( 1024, 'RACKET', 1, 1 ),
( 1024, 'RACKET', 5, 1 ),
( 1024, 'RACKET', 3, 1 ),
( 1025, 'RACKET', 2, 1 ),
( 1025, 'RACKET', 7, 1 ),
( 1025, 'RACKET', 11, 1 ),
( 1026, 'RACKET', 8, 1 ),
( 1026, 'RACKET', 4, 1 ),
( 1026, 'RACKET', 10, 1 ),
( 1027, 'RACKET', 5, 1 ),
( 1027, 'RACKET', 7, 1 ),
( 1027, 'RACKET', 6, 1 ),
( 1028, 'RACKET', 3, 1 ),
( 1028, 'RACKET', 4, 1 ),
( 1028, 'RACKET', 1, 1 ),
( 1029, 'RACKET', 2, 1 ),
( 1029, 'RACKET', 9, 1 ),
( 1029, 'RACKET', 12, 1 ),
( 1030, 'RACKET', 2, 1 ),
( 1030, 'RACKET', 9, 1 ),
( 1030, 'RACKET', 11, 1 ),
( 1031, 'RACKET', 5, 1 ),
( 1031, 'RACKET', 12, 1 ),
( 1031, 'RACKET', 7, 1 ),
( 1032, 'RACKET', 6, 1 ),
( 1032, 'RACKET', 8, 1 ),
( 1032, 'RACKET', 3, 1 ),
( 1033, 'RACKET', 1, 1 ),
( 1033, 'RACKET', 6, 1 ),
( 1033, 'RACKET', 3, 1 ),
( 1034, 'RACKET', 2, 1 ),
( 1034, 'RACKET', 9, 1 ),
( 1034, 'RACKET', 12, 1 ),
( 1035, 'RACKET', 4, 1 ),
( 1035, 'RACKET', 8, 1 ),
( 1035, 'RACKET', 10, 1 );


INSERT INTO TB_TEST_RACKET (RACKET_ID, brand, model_name, description, image_url) VALUES
( 1, 'Babolat', 'Pure Drive', '설명 없음', NULL ),
( 2, 'Babolat', 'Pure Aero', '설명 없음', NULL ),
( 3, 'Wilson', 'Blade 98', '설명 없음', NULL ),
( 4, 'Wilson', 'Clash 100', '설명 없음', NULL ),
( 5, 'Wilson', 'Pro Staff 97', '설명 없음', NULL ),
( 6, 'HEAD', 'Speed MP', '설명 없음', NULL ),
( 7, 'HEAD', 'Radical MP', '설명 없음', NULL ),
( 8, 'Yonex', 'Ezone 100', '설명 없음', NULL ),
( 9, 'Yonex', 'Vcore 100', '설명 없음', NULL ),
( 10, 'Prince', 'Beast 100', '설명 없음', NULL ),
( 11, 'Dunlop', 'CX 200', '설명 없음', NULL ),
( 12, 'Tecnifibre', 'T-Fight 300', '설명 없음', NULL );



	
	
INSERT INTO tb_test_category (TEST_CATEGORY_NAME) VALUES('PLAYER');
INSERT INTO tb_test_category (TEST_CATEGORY_NAME) VALUES('STRING');


-- 질문
INSERT INTO TB_TEST_QUESTION (QUESTION_ID, TEST_CATEGORY_ID, question_text, question_order) VALUES
(301, 3, '당신의 경기 스타일은 어떤가요?', 1),
(302, 3, '당신이 가장 자신 있는 코트는?', 2),
(303, 3, '중요한 순간, 당신의 멘탈은?', 3),
(304, 3, '가장 강한 기술은 무엇인가요?', 4),
(305, 3, '지고 있을 때 당신의 반응은?', 5),
(306, 3, '당신이 추구하는 플레이 감성은?', 6),
(307, 3, '가장 좋아하는 플레이 리듬은?', 7),
(308, 3, '상대가 강할 때 당신은?', 8),
(309, 3, '즐겨 사용하는 샷 유형은?', 9),
(310, 3, '좋아하는 실제 선수 스타일은?', 10),
(311, 3, '승부처에서 어떤 선택을 하나요?', 11),
(312, 3, '전체적인 경기 성향은?', 12);

-- 선택지
INSERT INTO TB_TEST_OPTION (OPTION_ID, question_id, option_text) VALUES
(3000, 301, '강하게 밀어붙이는 공격 스타일'),
(3001, 301, '지치지 않는 랠리형 수비 플레이'),
(3002, 301, '창의적인 전술과 네트 플레이'),
(3003, 302, '하드코트'),
(3004, 302, '클레이코트'),
(3005, 302, '잔디코트/실내코트'),
(3006, 303, '차분하게 집중을 유지'),
(3007, 303, '감정 표현으로 흐름을 바꿈'),
(3008, 303, '분석적이고 냉정한 판단'),
(3009, 304, '포핸드'),
(3010, 304, '백핸드'),
(3011, 304, '서브/네트 플레이'),
(3012, 305, '더욱 강하게 공격한다'),
(3013, 305, '안정적으로 길게 끌고 간다'),
(3014, 305, '전술을 바꾸며 변화를 시도'),
(3015, 306, '공격성과 카리스마'),
(3016, 306, '차분하고 철저한 계산'),
(3017, 306, '유연한 전술'),
(3018, 307, '빠르게 몰아붙이는 흐름'),
(3019, 307, '상대를 지치게 만드는 운영'),
(3020, 307, '느리게 끌고 가다 타이밍을 노림'),
(3021, 308, '정면 승부'),
(3022, 308, '길고 안정적인 랠리'),
(3023, 308, '전술로 타이밍을 흔듦'),
(3024, 309, '강한 스핀/포핸드'),
(3025, 309, '플랫한 백핸드와 수비력'),
(3026, 309, '슬라이스, 드롭샷'),
(3027, 310, '나달 스타일'),
(3028, 310, '조코비치 스타일'),
(3029, 310, '페더러 스타일'),
(3030, 311, '강한 한 방으로 마무리'),
(3031, 311, '긴 랠리 후 기회 포착'),
(3032, 311, '각을 만들어낸다'),
(3033, 312, '공격적이고 주도적'),
(3034, 312, '수비적이고 끈기 있는'),
(3035, 312, '창의적이고 유연한');

-- 매핑
INSERT INTO TB_TEST_OPTION_MAPPING (option_id, target_type, target_id, score) VALUES
(3000, 'PLAYER', 2, 1),
(3000, 'PLAYER', 3, 1),
(3000, 'PLAYER', 7, 1),
(3001, 'PLAYER', 1, 1),
(3001, 'PLAYER', 4, 1),
(3001, 'PLAYER', 9, 1),
(3002, 'PLAYER', 6, 1),
(3002, 'PLAYER', 11, 1),
(3002, 'PLAYER', 12, 1),
(3003, 'PLAYER', 1, 1),
(3003, 'PLAYER', 3, 1),
(3003, 'PLAYER', 10, 1),
(3004, 'PLAYER', 2, 1),
(3004, 'PLAYER', 9, 1),
(3004, 'PLAYER', 6, 1),
(3005, 'PLAYER', 8, 1),
(3005, 'PLAYER', 11, 1),
(3005, 'PLAYER', 12, 1),
(3006, 'PLAYER', 1, 1),
(3006, 'PLAYER', 3, 1),
(3006, 'PLAYER', 4, 1),
(3007, 'PLAYER', 2, 1),
(3007, 'PLAYER', 5, 1),
(3007, 'PLAYER', 6, 1),
(3008, 'PLAYER', 7, 1),
(3008, 'PLAYER', 8, 1),
(3008, 'PLAYER', 11, 1),
(3009, 'PLAYER', 2, 1),
(3009, 'PLAYER', 7, 1),
(3009, 'PLAYER', 3, 1),
(3010, 'PLAYER', 1, 1),
(3010, 'PLAYER', 4, 1),
(3010, 'PLAYER', 9, 1),
(3011, 'PLAYER', 8, 1),
(3011, 'PLAYER', 10, 1),
(3011, 'PLAYER', 11, 1),
(3012, 'PLAYER', 2, 1),
(3012, 'PLAYER', 5, 1),
(3012, 'PLAYER', 3, 1),
(3013, 'PLAYER', 1, 1),
(3013, 'PLAYER', 9, 1),
(3013, 'PLAYER', 4, 1),
(3014, 'PLAYER', 6, 1),
(3014, 'PLAYER', 11, 1),
(3014, 'PLAYER', 8, 1),
(3015, 'PLAYER', 2, 1),
(3015, 'PLAYER', 7, 1),
(3015, 'PLAYER', 5, 1),
(3016, 'PLAYER', 1, 1),
(3016, 'PLAYER', 4, 1),
(3016, 'PLAYER', 3, 1),
(3017, 'PLAYER', 6, 1),
(3017, 'PLAYER', 12, 1),
(3017, 'PLAYER', 11, 1),
(3018, 'PLAYER', 2, 1),
(3018, 'PLAYER', 3, 1),
(3018, 'PLAYER', 7, 1),
(3019, 'PLAYER', 1, 1),
(3019, 'PLAYER', 9, 1),
(3019, 'PLAYER', 4, 1),
(3020, 'PLAYER', 11, 1),
(3020, 'PLAYER', 6, 1),
(3020, 'PLAYER', 12, 1),
(3021, 'PLAYER', 5, 1),
(3021, 'PLAYER', 2, 1),
(3021, 'PLAYER', 3, 1),
(3022, 'PLAYER', 4, 1),
(3022, 'PLAYER', 1, 1),
(3022, 'PLAYER', 9, 1),
(3023, 'PLAYER', 6, 1),
(3023, 'PLAYER', 11, 1),
(3023, 'PLAYER', 8, 1),
(3024, 'PLAYER', 7, 1),
(3024, 'PLAYER', 2, 1),
(3024, 'PLAYER', 3, 1),
(3025, 'PLAYER', 1, 1),
(3025, 'PLAYER', 4, 1),
(3025, 'PLAYER', 9, 1),
(3026, 'PLAYER', 6, 1),
(3026, 'PLAYER', 11, 1),
(3026, 'PLAYER', 12, 1),
(3027, 'PLAYER', 2, 1),
(3027, 'PLAYER', 5, 1),
(3027, 'PLAYER', 7, 1),
(3028, 'PLAYER', 1, 1),
(3028, 'PLAYER', 4, 1),
(3028, 'PLAYER', 9, 1),
(3029, 'PLAYER', 6, 1),
(3029, 'PLAYER', 11, 1),
(3029, 'PLAYER', 12, 1),
(3030, 'PLAYER', 2, 1),
(3030, 'PLAYER', 3, 1),
(3030, 'PLAYER', 7, 1),
(3031, 'PLAYER', 1, 1),
(3031, 'PLAYER', 4, 1),
(3031, 'PLAYER', 9, 1),
(3032, 'PLAYER', 6, 1),
(3032, 'PLAYER', 11, 1),
(3032, 'PLAYER', 12, 1),
(3033, 'PLAYER', 2, 1),
(3033, 'PLAYER', 3, 1),
(3033, 'PLAYER', 5, 1),
(3034, 'PLAYER', 1, 1),
(3034, 'PLAYER', 4, 1),
(3034, 'PLAYER', 9, 1),
(3035, 'PLAYER', 6, 1),
(3035, 'PLAYER', 11, 1),
(3035, 'PLAYER', 12, 1);


INSERT INTO TB_TEST_PLAYER (TEST_PLAYER_ID, player_name, description, image_url) VALUES
(1, '노박 조코비치', '강한 멘탈과 철벽 수비를 가진 전략가', NULL),
(2, '카를로스 알카라스', '폭발적인 공격력과 빠른 움직임을 가진 신세대 스타', NULL),
(3, '야닉 시너', '정교한 스트로크와 안정적인 경기 운영을 갖춘 플레이어', NULL),
(4, '다니일 메드베데프', '독특한 수비력과 지능적인 경기 운영의 마스터', NULL),
(5, '홀거 루네', '감정이 풍부한 에너제틱한 플레이어', NULL),
(6, '스테파노스 치치파스', '창의적인 경기 운영과 네트 플레이를 강조하는 스타일', NULL),
(7, '안드레이 루블레프', '강한 포핸드와 공격적인 베이스라인 플레이', NULL),
(8, '알렉산더 즈베레프', '강한 서브와 안정적인 스트로크를 갖춘 선수', NULL),
(9, '캐스퍼 루드', '클레이코트에서 강한 근성과 긴 랠리를 중시하는 플레이어', NULL),
(10, '테일러 프리츠', '강력한 서브와 빠른 공격을 선호하는 선수', NULL),
(11, '후베르트 후르카치', '네트 플레이와 빠른 리액션을 특징으로 하는 스타일', NULL),
(12, '펠릭스 오제알리아심', '다재다능한 플레이를 펼치는 유연한 선수', NULL);




INSERT INTO TB_TEST_QUESTION (QUESTION_ID, TEST_CATEGORY_ID, question_text, question_order) VALUES
(201, 2, '라켓을 휘두를 때 느낌은 어떤가요?', 1),
(202, 2, '손목이나 팔에 통증이 있나요?', 2),
(203, 2, '가장 중요하게 생각하는 요소는?', 3),
(204, 2, '플레이 스타일은 어떤가요?', 4),
(205, 2, '샷 스타일은 어떤가요?', 5),
(206, 2, '주로 사용하는 라켓은?', 6),
(207, 2, '원하는 타구감은?', 7),
(208, 2, '스트링 텐션은 어떤 쪽을 선호하나요?', 8),
(209, 2, '경기 빈도는 어느 정도인가요?', 9),
(210, 2, '스트링 유지력에 대해 어떻게 생각하나요?', 10),
(211, 2, '가격에 대한 민감도는?', 11),
(212, 2, '주로 사용하는 코트 유형은?', 12);

INSERT INTO TB_TEST_OPTION (OPTION_ID, question_id, option_text) VALUES
(2000, 201, '빠르고 강하게'),
(2001, 201, '부드럽게'),
(2002, 201, '중간'),
(2003, 202, '자주 있다'),
(2004, 202, '가끔'),
(2005, 202, '없다'),
(2006, 203, '스핀'),
(2007, 203, '부드러움'),
(2008, 203, '타구감'),
(2009, 204, '공격적'),
(2010, 204, '수비적'),
(2011, 204, '올라운더'),
(2012, 205, '탑스핀'),
(2013, 205, '플랫'),
(2014, 205, '다양한 구질'),
(2015, 206, '스핀형 라켓'),
(2016, 206, '컨트롤형 라켓'),
(2017, 206, '파워형 라켓'),
(2018, 207, '단단한 타구감'),
(2019, 207, '부드러운 타구감'),
(2020, 207, '반발력'),
(2021, 208, '텐션 높음'),
(2022, 208, '텐션 낮음'),
(2023, 208, '중간'),
(2024, 209, '주 3회 이상'),
(2025, 209, '주 1~2회'),
(2026, 209, '가끔'),
(2027, 210, '유지력 중요'),
(2028, 210, '자주 바꿈'),
(2029, 210, '감각 우선'),
(2030, 211, '고가도 OK'),
(2031, 211, '가성비'),
(2032, 211, '중간'),
(2033, 212, '하드코트'),
(2034, 212, '클레이코트'),
(2035, 212, '실내/기타');

INSERT INTO TB_TEST_OPTION_MAPPING (option_id, target_type, target_id, score) VALUES
(2000, 'STRING', 1, 1),
(2000, 'STRING', 2, 1),
(2000, 'STRING', 3, 1),
(2001, 'STRING', 6, 1),
(2001, 'STRING', 12, 1),
(2001, 'STRING', 7, 1),
(2002, 'STRING', 4, 1),
(2002, 'STRING', 11, 1),
(2002, 'STRING', 5, 1),
(2003, 'STRING', 6, 1),
(2003, 'STRING', 10, 1),
(2003, 'STRING', 12, 1),
(2004, 'STRING', 11, 1),
(2004, 'STRING', 4, 1),
(2004, 'STRING', 7, 1),
(2005, 'STRING', 1, 1),
(2005, 'STRING', 3, 1),
(2005, 'STRING', 2, 1),
(2006, 'STRING', 2, 1),
(2006, 'STRING', 3, 1),
(2006, 'STRING', 5, 1),
(2007, 'STRING', 6, 1),
(2007, 'STRING', 10, 1),
(2007, 'STRING', 7, 1),
(2008, 'STRING', 9, 1),
(2008, 'STRING', 8, 1),
(2008, 'STRING', 11, 1),
(2009, 'STRING', 1, 1),
(2009, 'STRING', 2, 1),
(2009, 'STRING', 3, 1),
(2010, 'STRING', 4, 1),
(2010, 'STRING', 7, 1),
(2010, 'STRING', 12, 1),
(2011, 'STRING', 11, 1),
(2011, 'STRING', 5, 1),
(2011, 'STRING', 6, 1),
(2012, 'STRING', 3, 1),
(2012, 'STRING', 5, 1),
(2012, 'STRING', 2, 1),
(2013, 'STRING', 4, 1),
(2013, 'STRING', 7, 1),
(2013, 'STRING', 6, 1),
(2014, 'STRING', 11, 1),
(2014, 'STRING', 8, 1),
(2014, 'STRING', 9, 1),
(2015, 'STRING', 2, 1),
(2015, 'STRING', 3, 1),
(2015, 'STRING', 5, 1),
(2016, 'STRING', 4, 1),
(2016, 'STRING', 7, 1),
(2016, 'STRING', 12, 1),
(2017, 'STRING', 1, 1),
(2017, 'STRING', 8, 1),
(2017, 'STRING', 11, 1),
(2018, 'STRING', 1, 1),
(2018, 'STRING', 3, 1),
(2018, 'STRING', 2, 1),
(2019, 'STRING', 10, 1),
(2019, 'STRING', 6, 1),
(2019, 'STRING', 12, 1),
(2020, 'STRING', 8, 1),
(2020, 'STRING', 11, 1),
(2020, 'STRING', 9, 1),
(2021, 'STRING', 4, 1),
(2021, 'STRING', 5, 1),
(2021, 'STRING', 7, 1),
(2022, 'STRING', 8, 1),
(2022, 'STRING', 9, 1),
(2022, 'STRING', 11, 1),
(2023, 'STRING', 3, 1),
(2023, 'STRING', 6, 1),
(2023, 'STRING', 12, 1),
(2024, 'STRING', 2, 1),
(2024, 'STRING', 1, 1),
(2024, 'STRING', 3, 1),
(2025, 'STRING', 6, 1),
(2025, 'STRING', 7, 1),
(2025, 'STRING', 5, 1),
(2026, 'STRING', 8, 1),
(2026, 'STRING', 10, 1),
(2026, 'STRING', 12, 1),
(2027, 'STRING', 1, 1),
(2027, 'STRING', 4, 1),
(2027, 'STRING', 11, 1),
(2028, 'STRING', 3, 1),
(2028, 'STRING', 5, 1),
(2028, 'STRING', 6, 1),
(2029, 'STRING', 9, 1),
(2029, 'STRING', 10, 1),
(2029, 'STRING', 8, 1),
(2030, 'STRING', 9, 1),
(2030, 'STRING', 10, 1),
(2030, 'STRING', 1, 1),
(2031, 'STRING', 5, 1),
(2031, 'STRING', 7, 1),
(2031, 'STRING', 8, 1),
(2032, 'STRING', 4, 1),
(2032, 'STRING', 11, 1),
(2032, 'STRING', 6, 1),
(2033, 'STRING', 2, 1),
(2033, 'STRING', 1, 1),
(2033, 'STRING', 3, 1),
(2034, 'STRING', 5, 1),
(2034, 'STRING', 4, 1),
(2034, 'STRING', 11, 1),
(2035, 'STRING', 12, 1),
(2035, 'STRING', 7, 1),
(2035, 'STRING', 10, 1);


INSERT INTO TB_TEST_STRING (STRING_ID, STRING_NAME, STRING_TYPE, description, IMAGE_URL) VALUES
(1, 'Luxilon ALU Power', 'poly', '탄성 좋은 반발력과 컨트롤의 조화, 프로 선수 다수가 사용', NULL),
(2, 'Babolat RPM Blast', 'poly', '탁월한 스핀 성능, 라파엘 나달이 사용하는 스트링', NULL),
(3, 'Solinco Hyper-G', 'poly', '스핀과 컨트롤 모두 우수한 4각 폴리스트링', NULL),
(4, 'Yonex Poly Tour Pro', 'poly', '부드럽고 일관된 타구감, 팔 부담이 적음', NULL),
(5, 'Tecnifibre Black Code', 'poly', '스핀 성능과 부드러움을 동시에 추구하는 유연한 폴리', NULL),
(6, 'Wilson NXT', 'multi', '멀티필라멘트로 부드럽고 팔에 부담이 거의 없음', NULL),
(7, 'Head Velocity MLT', 'multi', '컨트롤 중심의 멀티필라멘트, 안정적인 반발력', NULL),
(8, 'Gamma Live Wire XP', 'multi', '반발력이 뛰어난 파워 중심 멀티 스트링', NULL),
(9, 'Wilson Natural Gut', 'natural', '최상급 타구감과 반발력을 자랑하는 천연 스트링', NULL),
(10, 'Babolat Touch VS', 'natural', '부드러움과 타구감 모두 우수한 내추럴 거트', NULL),
(11, 'Luxilon Element', 'hybrid', '부드러움과 파워의 조화, 하이브리드용으로도 인기', NULL),
(12, 'Yonex Rexis Comfort', 'multi', '부드럽고 반발력 있는 멀티 스트링, 팔 부담 감소', NULL);